﻿<values>
  <value name="extname" type="string">ms-dotnettools.csdevkit</value>
  <value name="VSExeVersion" type="string">7.0.24.16501</value>
  <value name="ExeName" type="string">rzls</value>
  <value name="PID" type="int">7298</value>
  <value name="extversion" type="string">1.4.29</value>
  <value name="ShutdownReason" type="int">3</value>
  <value name="CTime" type="qword">133554550155041593</value>
  <value name="VSIs64BitProcess" type="string">True</value>
  <value name="VSInstanceId" type="string">dac0de45-1cc5-4e77-85e8-49f2e50350851710981364551</value>
  <value name="vscodeversion" type="string">1.86.2</value>
  <value name="StillAlive" type="qword">133554619160913681</value>
</values>